tag_id;ring_number;scientific_name;manufacturer;model;firmware;weight;attachment_type;readout_method;tag_comments
14PF;ZA43596;Acrocephalus arundinaceus;Swiss Ornithological Institute;GDL3pam-v2.3;FW_GDL3pam_V2.3.1;1.65;leg harness|material:cord|attachment:tubes;tag-retrieval;
14PN;ZA60713;Acrocephalus arundinaceus;Swiss Ornithological Institute;GDL3pam-v2.3;FW_GDL3pam_V2.3.1;1.63;leg harness|material:cord|attachment:tubes;tag-retrieval;
14QC;ZA60715;Acrocephalus arundinaceus;Swiss Ornithological Institute;GDL3pam-v2.3;FW_GDL3pam_V2.3.1;1.59;leg harness|material:cord|attachment:tubes;tag-retrieval;
14QR;ZA60714;Acrocephalus arundinaceus;Swiss Ornithological Institute;GDL3pam-v2.3;FW_GDL3pam_V2.3.1;1.59;leg harness|material:cord|attachment:tubes;tag-retrieval;
14RH;ZA48353;Acrocephalus arundinaceus;Swiss Ornithological Institute;GDL3pam-v2.3;FW_GDL3pam_V2.3.1;1.6;leg harness|material:cord|attachment:tubes;tag-retrieval;
14SD;ZA35988;Acrocephalus arundinaceus;Swiss Ornithological Institute;GDL3pam-v2.3;FW_GDL3pam_V2.3.1;1.5700001;leg harness|material:cord|attachment:tubes;tag-retrieval;
14SE;ZA24414;Acrocephalus arundinaceus;Swiss Ornithological Institute;GDL3pam-v2.3;FW_GDL3pam_V2.3.1;1.53;leg harness|material:cord|attachment:tubes;tag-retrieval;
14SF;ZA60716;Acrocephalus arundinaceus;Swiss Ornithological Institute;GDL3pam-v2.3;FW_GDL3pam_V2.3.1;1.5700001;leg harness|material:cord|attachment:tubes;tag-retrieval;
14SG;ZA60744;Acrocephalus arundinaceus;Swiss Ornithological Institute;GDL3pam-v2.3;FW_GDL3pam_V2.3.1;1.49;leg harness|material:cord|attachment:tubes;tag-retrieval;
14SH;ZA48352;Acrocephalus arundinaceus;Swiss Ornithological Institute;GDL3pam-v2.3;FW_GDL3pam_V2.3.1;1.66;leg harness|material:cord|attachment:tubes;tag-retrieval;
14SI;ZA48357;Acrocephalus arundinaceus;Swiss Ornithological Institute;GDL3pam-v2.3;FW_GDL3pam_V2.3.1;1.53;leg harness|material:cord|attachment:tubes;tag-retrieval;
14SJ;ZA22092;Acrocephalus arundinaceus;Swiss Ornithological Institute;GDL3pam-v2.3;FW_GDL3pam_V2.3.1;1.52;leg harness|material:cord|attachment:tubes;tag-retrieval;
14SK;ZA60702;Acrocephalus arundinaceus;Swiss Ornithological Institute;GDL3pam-v2.3;FW_GDL3pam_V2.3.1;1.55;leg harness|material:cord|attachment:tubes;tag-retrieval;
14SL;ZA45611;Acrocephalus arundinaceus;Swiss Ornithological Institute;GDL3pam-v2.3;FW_GDL3pam_V2.3.1;1.53;leg harness|material:cord|attachment:tubes;tag-retrieval;
14SM;ZA60720;Acrocephalus arundinaceus;Swiss Ornithological Institute;GDL3pam-v2.3;FW_GDL3pam_V2.3.1;1.52;leg harness|material:cord|attachment:tubes;tag-retrieval;
14SN;ZA48337;Acrocephalus arundinaceus;Swiss Ornithological Institute;GDL3pam-v2.3;FW_GDL3pam_V2.3.1;1.6;leg harness|material:cord|attachment:tubes;tag-retrieval;
14SO;ZA48358;Acrocephalus arundinaceus;Swiss Ornithological Institute;GDL3pam-v2.3;FW_GDL3pam_V2.3.1;1.58;leg harness|material:cord|attachment:tubes;tag-retrieval;
14SP;ZA32301;Acrocephalus arundinaceus;Swiss Ornithological Institute;GDL3pam-v2.3;FW_GDL3pam_V2.3.1;1.58;leg harness|material:cord|attachment:tubes;tag-retrieval;
14SQ;ZA60738;Acrocephalus arundinaceus;Swiss Ornithological Institute;GDL3pam-v2.3;FW_GDL3pam_V2.3.1;1.48;leg harness|material:cord|attachment:tubes;tag-retrieval;
14SR;ZA60722;Acrocephalus arundinaceus;Swiss Ornithological Institute;GDL3pam-v2.3;FW_GDL3pam_V2.3.1;1.6;leg harness|material:cord|attachment:tubes;tag-retrieval;
14ST;ZA60747;Acrocephalus arundinaceus;Swiss Ornithological Institute;GDL3pam-v2.3;FW_GDL3pam_V2.3.1;1.5700001;leg harness|material:cord|attachment:tubes;tag-retrieval;
14SU;ZA60734;Acrocephalus arundinaceus;Swiss Ornithological Institute;GDL3pam-v2.3;FW_GDL3pam_V2.3.1;1.54;leg harness|material:cord|attachment:tubes;tag-retrieval;
14SV;ZA43549;Acrocephalus arundinaceus;Swiss Ornithological Institute;GDL3pam-v2.3;FW_GDL3pam_V2.3.1;1.5599999;leg harness|material:cord|attachment:tubes;tag-retrieval;
14SW;ZA48345;Acrocephalus arundinaceus;Swiss Ornithological Institute;GDL3pam-v2.3;FW_GDL3pam_V2.3.1;1.66;leg harness|material:cord|attachment:tubes;tag-retrieval;
14SX;ZA48347;Acrocephalus arundinaceus;Swiss Ornithological Institute;GDL3pam-v2.3;FW_GDL3pam_V2.3.1;1.51;leg harness|material:cord|attachment:tubes;tag-retrieval;
14SY;ZA45803;Acrocephalus arundinaceus;Swiss Ornithological Institute;GDL3pam-v2.3;FW_GDL3pam_V2.3.1;1.55;leg harness|material:cord|attachment:tubes;tag-retrieval;
14SZ;ZA43552;Acrocephalus arundinaceus;Swiss Ornithological Institute;GDL3pam-v2.3;FW_GDL3pam_V2.3.1;1.59;leg harness|material:cord|attachment:tubes;tag-retrieval;
14TA;ZA43580;Acrocephalus arundinaceus;Swiss Ornithological Institute;GDL3pam-v2.3;FW_GDL3pam_V2.3.1;1.48;leg harness|material:cord|attachment:tubes;tag-retrieval;
14TB;ZA35972;Acrocephalus arundinaceus;Swiss Ornithological Institute;GDL3pam-v2.3;FW_GDL3pam_V2.3.1;1.51;leg harness|material:cord|attachment:tubes;tag-retrieval;
14TC;ZA48338;Acrocephalus arundinaceus;Swiss Ornithological Institute;GDL3pam-v2.3;FW_GDL3pam_V2.3.1;1.51;leg harness|material:cord|attachment:tubes;tag-retrieval;
14TD;ZA45889;Acrocephalus arundinaceus;Swiss Ornithological Institute;GDL3pam-v2.3;FW_GDL3pam_V2.3.1;1.66;leg harness|material:cord|attachment:tubes;tag-retrieval;
14TE;ZA44552;Acrocephalus arundinaceus;Swiss Ornithological Institute;GDL3pam-v2.3;FW_GDL3pam_V2.3.1;1.61;leg harness|material:cord|attachment:tubes;tag-retrieval;
14TF;ZA32371;Acrocephalus arundinaceus;Swiss Ornithological Institute;GDL3pam-v2.3;FW_GDL3pam_V2.3.1;1.63;leg harness|material:cord|attachment:tubes;tag-retrieval;
16AV;ZA32341;Acrocephalus arundinaceus;Swiss Ornithological Institute;GDL3pam-v2.3;FW_GDL3pam_V2.3.1;1.54;leg harness|material:cord|attachment:tubes;tag-retrieval;
16FQ;ZA45608;Acrocephalus arundinaceus;Swiss Ornithological Institute;GDL3pam-v2.3;FW_GDL3pam_V2.3.1;1.55;leg harness|material:cord|attachment:tubes;tag-retrieval;
16FR;CA23771;Acrocephalus arundinaceus;Swiss Ornithological Institute;GDL3pam-v2.3;FW_GDL3pam_V2.3.1;1.55;leg harness|material:cord|attachment:tubes;tag-retrieval;
16FS;ZA60739;Acrocephalus arundinaceus;Swiss Ornithological Institute;GDL3pam-v2.3;FW_GDL3pam_V2.3.1;1.5599999;leg harness|material:cord|attachment:tubes;tag-retrieval;
16GA;ZA59713;Acrocephalus arundinaceus;Swiss Ornithological Institute;GDL3pam-v2.3;FW_GDL3pam_V2.3.1;1.5700001;leg harness|material:cord|attachment:tubes;tag-retrieval;
16GB;ZA48349;Acrocephalus arundinaceus;Swiss Ornithological Institute;GDL3pam-v2.3;FW_GDL3pam_V2.3.1;1.49;leg harness|material:cord|attachment:tubes;tag-retrieval;
16GC;ZA60731;Acrocephalus arundinaceus;Swiss Ornithological Institute;GDL3pam-v2.3;FW_GDL3pam_V2.3.1;1.5;leg harness|material:cord|attachment:tubes;tag-retrieval;
18HA;ZA76610;Acrocephalus arundinaceus;Swiss Ornithological Institute;GDL3pam-v2.3;FW_GDL3pam_V2.3.1;1.49;leg harness|material:cord|attachment:tubes;tag-retrieval;
18HB;Z791027;Acrocephalus arundinaceus;Swiss Ornithological Institute;GDL3pam-v2.3;FW_GDL3pam_V2.3.1;1.4400001;leg harness|material:cord|attachment:tubes;tag-retrieval;
18HQ;ZA60841;Acrocephalus arundinaceus;Swiss Ornithological Institute;GDL3pam-v2.3;FW_GDL3pam_V2.3.1;1.54;leg harness|material:cord|attachment:tubes;tag-retrieval;
18HY;ZA76621;Acrocephalus arundinaceus;Swiss Ornithological Institute;GDL3pam-v2.3;FW_GDL3pam_V2.3.1;1.51;leg harness|material:cord|attachment:tubes;tag-retrieval;
18IA;ZA36876;Acrocephalus arundinaceus;Swiss Ornithological Institute;GDL3pam-v2.3;FW_GDL3pam_V2.3.1;1.54;leg harness|material:cord|attachment:tubes;tag-retrieval;
18IB;ZA35003;Acrocephalus arundinaceus;Swiss Ornithological Institute;GDL3pam-v2.3;FW_GDL3pam_V2.3.1;1.52;leg harness|material:cord|attachment:tubes;tag-retrieval;
18IC;ZA48339;Acrocephalus arundinaceus;Swiss Ornithological Institute;GDL3pam-v2.3;FW_GDL3pam_V2.3.1;1.5;leg harness|material:cord|attachment:tubes;tag-retrieval;
18IE;ZA45672;Acrocephalus arundinaceus;Swiss Ornithological Institute;GDL3pam-v2.3;FW_GDL3pam_V2.3.1;1.51;leg harness|material:cord|attachment:tubes;tag-retrieval;
18IF;ZA48355;Acrocephalus arundinaceus;Swiss Ornithological Institute;GDL3pam-v2.3;FW_GDL3pam_V2.3.1;1.54;leg harness|material:cord|attachment:tubes;tag-retrieval;
18IG;ZA60823;Acrocephalus arundinaceus;Swiss Ornithological Institute;GDL3pam-v2.3;FW_GDL3pam_V2.3.1;1.53;leg harness|material:cord|attachment:tubes;tag-retrieval;
18IH;ZA45610;Acrocephalus arundinaceus;Swiss Ornithological Institute;GDL3pam-v2.3;FW_GDL3pam_V2.3.1;1.49;leg harness|material:cord|attachment:tubes;tag-retrieval;
18II;ZA48340;Acrocephalus arundinaceus;Swiss Ornithological Institute;GDL3pam-v2.3;FW_GDL3pam_V2.3.1;1.51;leg harness|material:cord|attachment:tubes;tag-retrieval;
18IJ;ZA69547;Acrocephalus arundinaceus;Swiss Ornithological Institute;GDL3pam-v2.3;FW_GDL3pam_V2.3.1;1.54;leg harness|material:cord|attachment:tubes;tag-retrieval;
18IK;Z717198;Acrocephalus arundinaceus;Swiss Ornithological Institute;GDL3pam-v2.3;FW_GDL3pam_V2.3.1;1.5;leg harness|material:cord|attachment:tubes;tag-retrieval;
18IL;ZA76606;Acrocephalus arundinaceus;Swiss Ornithological Institute;GDL3pam-v2.3;FW_GDL3pam_V2.3.1;1.51;leg harness|material:cord|attachment:tubes;tag-retrieval;
18IN;ZA60752;Acrocephalus arundinaceus;Swiss Ornithological Institute;GDL3pam-v2.3;FW_GDL3pam_V2.3.1;1.52;leg harness|material:cord|attachment:tubes;tag-retrieval;
18IQ;ZA76620;Acrocephalus arundinaceus;Swiss Ornithological Institute;GDL3pam-v2.3;FW_GDL3pam_V2.3.1;1.51;leg harness|material:cord|attachment:tubes;tag-retrieval;
18IX;ZA60826;Acrocephalus arundinaceus;Swiss Ornithological Institute;GDL3pam-v2.3;FW_GDL3pam_V2.3.1;1.55;leg harness|material:cord|attachment:tubes;tag-retrieval;
18KA;ZA69517;Acrocephalus arundinaceus;Swiss Ornithological Institute;GDL3pam-v2.3;FW_GDL3pam_V2.3.1;1.51;leg harness|material:cord|attachment:tubes;tag-retrieval;
18KD;Z717190;Acrocephalus arundinaceus;Swiss Ornithological Institute;GDL3pam-v2.3;FW_GDL3pam_V2.3.1;1.51;leg harness|material:cord|attachment:tubes;tag-retrieval;
18LB;ZA60852;Acrocephalus arundinaceus;Swiss Ornithological Institute;GDL3pam-v2.3;FW_GDL3pam_V2.3.1;1.5;leg harness|material:cord|attachment:tubes;tag-retrieval;
18LC;ZA48360;Acrocephalus arundinaceus;Swiss Ornithological Institute;GDL3pam-v2.3;FW_GDL3pam_V2.3.1;1.52;leg harness|material:cord|attachment:tubes;tag-retrieval;
18LD;ZA44432;Acrocephalus arundinaceus;Swiss Ornithological Institute;GDL3pam-v2.3;FW_GDL3pam_V2.3.1;1.51;leg harness|material:cord|attachment:tubes;tag-retrieval;
18LI;ZA35987;Acrocephalus arundinaceus;Swiss Ornithological Institute;GDL3pam-v2.3;FW_GDL3pam_V2.3.1;1.54;leg harness|material:cord|attachment:tubes;tag-retrieval;
18LJ;ZA60845;Acrocephalus arundinaceus;Swiss Ornithological Institute;GDL3pam-v2.3;FW_GDL3pam_V2.3.1;1.54;leg harness|material:cord|attachment:tubes;tag-retrieval;
18LW;ZA60853;Acrocephalus arundinaceus;Swiss Ornithological Institute;GDL3pam-v2.3;FW_GDL3pam_V2.3.1;1.52;leg harness|material:cord|attachment:tubes;tag-retrieval;
18LX;ZA45656;Acrocephalus arundinaceus;Swiss Ornithological Institute;GDL3pam-v2.3;FW_GDL3pam_V2.3.1;1.47;leg harness|material:cord|attachment:tubes;tag-retrieval;
18LY;ZA45629;Acrocephalus arundinaceus;Swiss Ornithological Institute;GDL3pam-v2.3;FW_GDL3pam_V2.3.1;1.5;leg harness|material:cord|attachment:tubes;tag-retrieval;
18LZ;ZA62192;Acrocephalus arundinaceus;Swiss Ornithological Institute;GDL3pam-v2.3;FW_GDL3pam_V2.3.1;1.49;leg harness|material:cord|attachment:tubes;tag-retrieval;
18MA;ZA60836;Acrocephalus arundinaceus;Swiss Ornithological Institute;GDL3pam-v2.3;FW_GDL3pam_V2.3.1;1.51;leg harness|material:cord|attachment:tubes;tag-retrieval;
14GK;1-545674;Acrocephalus arundinaceus;Swiss Ornithological Institute;GDL3pam-v2.3;FW_GDL3pam_V2.3.1;NA;leg harness|material:cord|attachment:tubes;tag-retrieval;
14GL;1-545675;Acrocephalus arundinaceus;Swiss Ornithological Institute;GDL3pam-v2.3;FW_GDL3pam_V2.3.1;NA;leg harness|material:cord|attachment:tubes;tag-retrieval;
14GE;1-545677;Acrocephalus arundinaceus;Swiss Ornithological Institute;GDL3pam-v2.3;FW_GDL3pam_V2.3.1;NA;leg harness|material:cord|attachment:tubes;tag-retrieval;
14GG;1-545679;Acrocephalus arundinaceus;Swiss Ornithological Institute;GDL3pam-v2.3;FW_GDL3pam_V2.3.1;NA;leg harness|material:cord|attachment:tubes;tag-retrieval;
14HC;1-545680;Acrocephalus arundinaceus;Swiss Ornithological Institute;GDL3pam-v2.3;FW_GDL3pam_V2.3.1;NA;leg harness|material:cord|attachment:tubes;tag-retrieval;
14HA;1-545681;Acrocephalus arundinaceus;Swiss Ornithological Institute;GDL3pam-v2.3;FW_GDL3pam_V2.3.1;NA;leg harness|material:cord|attachment:tubes;tag-retrieval;
14GH;1-545683;Acrocephalus arundinaceus;Swiss Ornithological Institute;GDL3pam-v2.3;FW_GDL3pam_V2.3.1;NA;leg harness|material:cord|attachment:tubes;tag-retrieval;
14GR;1-545684;Acrocephalus arundinaceus;Swiss Ornithological Institute;GDL3pam-v2.3;FW_GDL3pam_V2.3.1;NA;leg harness|material:cord|attachment:tubes;tag-retrieval;
14GI;1-545687;Acrocephalus arundinaceus;Swiss Ornithological Institute;GDL3pam-v2.3;FW_GDL3pam_V2.3.1;NA;leg harness|material:cord|attachment:tubes;tag-retrieval;
14GJ;1-545688;Acrocephalus arundinaceus;Swiss Ornithological Institute;GDL3pam-v2.3;FW_GDL3pam_V2.3.1;NA;leg harness|material:cord|attachment:tubes;tag-retrieval;
14GD;1-545690;Acrocephalus arundinaceus;Swiss Ornithological Institute;GDL3pam-v2.3;FW_GDL3pam_V2.3.1;NA;leg harness|material:cord|attachment:tubes;tag-retrieval;
14GC;1-545692;Acrocephalus arundinaceus;Swiss Ornithological Institute;GDL3pam-v2.3;FW_GDL3pam_V2.3.1;NA;leg harness|material:cord|attachment:tubes;tag-retrieval;
14KC;1-545694;Acrocephalus arundinaceus;Swiss Ornithological Institute;GDL3pam-v2.3;FW_GDL3pam_V2.3.1;NA;leg harness|material:cord|attachment:tubes;tag-retrieval;
14JW;1-545695;Acrocephalus arundinaceus;Swiss Ornithological Institute;GDL3pam-v2.3;FW_GDL3pam_V2.3.1;NA;leg harness|material:cord|attachment:tubes;tag-retrieval;
14CM;1-545294;Acrocephalus arundinaceus;Swiss Ornithological Institute;GDL3pam-v2.3;FW_GDL3pam_V2.3.1;NA;leg harness|material:cord|attachment:tubes;tag-retrieval;
14JB;1-545696;Acrocephalus arundinaceus;Swiss Ornithological Institute;GDL3pam-v2.3;FW_GDL3pam_V2.3.1;NA;leg harness|material:cord|attachment:tubes;tag-retrieval;
14CD;1-545697;Acrocephalus arundinaceus;Swiss Ornithological Institute;GDL3pam-v2.3;FW_GDL3pam_V2.3.1;NA;leg harness|material:cord|attachment:tubes;tag-retrieval;
14DE;1-545700;Acrocephalus arundinaceus;Swiss Ornithological Institute;GDL3pam-v2.3;FW_GDL3pam_V2.3.1;NA;leg harness|material:cord|attachment:tubes;tag-retrieval;
14DD;1-545702;Acrocephalus arundinaceus;Swiss Ornithological Institute;GDL3pam-v2.3;FW_GDL3pam_V2.3.1;NA;leg harness|material:cord|attachment:tubes;tag-retrieval;
14HB;1-545703;Acrocephalus arundinaceus;Swiss Ornithological Institute;GDL3pam-v2.3;FW_GDL3pam_V2.3.1;NA;leg harness|material:cord|attachment:tubes;tag-retrieval;
14HE;1-545754;Acrocephalus arundinaceus;Swiss Ornithological Institute;GDL3pam-v2.3;FW_GDL3pam_V2.3.1;NA;leg harness|material:cord|attachment:tubes;tag-retrieval;
14HI;1-545757;Acrocephalus arundinaceus;Swiss Ornithological Institute;GDL3pam-v2.3;FW_GDL3pam_V2.3.1;NA;leg harness|material:cord|attachment:tubes;tag-retrieval;
14HU;1-545760;Acrocephalus arundinaceus;Swiss Ornithological Institute;GDL3pam-v2.3;FW_GDL3pam_V2.3.1;NA;leg harness|material:cord|attachment:tubes;tag-retrieval;
14HW;1-545761;Acrocephalus arundinaceus;Swiss Ornithological Institute;GDL3pam-v2.3;FW_GDL3pam_V2.3.1;NA;leg harness|material:cord|attachment:tubes;tag-retrieval;
14GS;1-545763;Acrocephalus arundinaceus;Swiss Ornithological Institute;GDL3pam-v2.3;FW_GDL3pam_V2.3.1;NA;leg harness|material:cord|attachment:tubes;tag-retrieval;
14AZ;1-545764;Acrocephalus arundinaceus;Swiss Ornithological Institute;GDL3pam-v2.3;FW_GDL3pam_V2.3.1;NA;leg harness|material:cord|attachment:tubes;tag-retrieval;
14FC;1-545765;Acrocephalus arundinaceus;Swiss Ornithological Institute;GDL3pam-v2.3;FW_GDL3pam_V2.3.1;NA;leg harness|material:cord|attachment:tubes;tag-retrieval;
14HH;1-545766;Acrocephalus arundinaceus;Swiss Ornithological Institute;GDL3pam-v2.3;FW_GDL3pam_V2.3.1;NA;leg harness|material:cord|attachment:tubes;tag-retrieval;
14GZ;1-545770;Acrocephalus arundinaceus;Swiss Ornithological Institute;GDL3pam-v2.3;FW_GDL3pam_V2.3.1;NA;leg harness|material:cord|attachment:tubes;tag-retrieval;
14HN;1-545771;Acrocephalus arundinaceus;Swiss Ornithological Institute;GDL3pam-v2.3;FW_GDL3pam_V2.3.1;NA;leg harness|material:cord|attachment:tubes;tag-retrieval;
14HF;1-545775;Acrocephalus arundinaceus;Swiss Ornithological Institute;GDL3pam-v2.3;FW_GDL3pam_V2.3.1;NA;leg harness|material:cord|attachment:tubes;tag-retrieval;
14AY;1-545776;Acrocephalus arundinaceus;Swiss Ornithological Institute;GDL3pam-v2.3;FW_GDL3pam_V2.3.1;NA;leg harness|material:cord|attachment:tubes;tag-retrieval;
14GX;1-545778;Acrocephalus arundinaceus;Swiss Ornithological Institute;GDL3pam-v2.3;FW_GDL3pam_V2.3.1;NA;leg harness|material:cord|attachment:tubes;tag-retrieval;
14FY;1-545780;Acrocephalus arundinaceus;Swiss Ornithological Institute;GDL3pam-v2.3;FW_GDL3pam_V2.3.1;NA;leg harness|material:cord|attachment:tubes;tag-retrieval;
14IU;1-545787;Acrocephalus arundinaceus;Swiss Ornithological Institute;GDL3pam-v2.3;FW_GDL3pam_V2.3.1;NA;leg harness|material:cord|attachment:tubes;tag-retrieval;
14FN;1-545788;Acrocephalus arundinaceus;Swiss Ornithological Institute;GDL3pam-v2.3;FW_GDL3pam_V2.3.1;NA;leg harness|material:cord|attachment:tubes;tag-retrieval;
14IG;1-545790;Acrocephalus arundinaceus;Swiss Ornithological Institute;GDL3pam-v2.3;FW_GDL3pam_V2.3.1;NA;leg harness|material:cord|attachment:tubes;tag-retrieval;
14ES;1-545798;Acrocephalus arundinaceus;Swiss Ornithological Institute;GDL3pam-v2.3;FW_GDL3pam_V2.3.1;NA;leg harness|material:cord|attachment:tubes;tag-retrieval;
14FE;1-545799;Acrocephalus arundinaceus;Swiss Ornithological Institute;GDL3pam-v2.3;FW_GDL3pam_V2.3.1;NA;leg harness|material:cord|attachment:tubes;tag-retrieval;
14EJ;1-545801;Acrocephalus arundinaceus;Swiss Ornithological Institute;GDL3pam-v2.3;FW_GDL3pam_V2.3.1;NA;leg harness|material:cord|attachment:tubes;tag-retrieval;
14JF;1-545806;Acrocephalus arundinaceus;Swiss Ornithological Institute;GDL3pam-v2.3;FW_GDL3pam_V2.3.1;NA;leg harness|material:cord|attachment:tubes;tag-retrieval;
14HM;1-545810;Acrocephalus arundinaceus;Swiss Ornithological Institute;GDL3pam-v2.3;FW_GDL3pam_V2.3.1;NA;leg harness|material:cord|attachment:tubes;tag-retrieval;
14HJ;1-545811;Acrocephalus arundinaceus;Swiss Ornithological Institute;GDL3pam-v2.3;FW_GDL3pam_V2.3.1;NA;leg harness|material:cord|attachment:tubes;tag-retrieval;
14HS;1-545813;Acrocephalus arundinaceus;Swiss Ornithological Institute;GDL3pam-v2.3;FW_GDL3pam_V2.3.1;NA;leg harness|material:cord|attachment:tubes;tag-retrieval;
14HT;1-545817;Acrocephalus arundinaceus;Swiss Ornithological Institute;GDL3pam-v2.3;FW_GDL3pam_V2.3.1;NA;leg harness|material:cord|attachment:tubes;tag-retrieval;
14GQ;1-545819;Acrocephalus arundinaceus;Swiss Ornithological Institute;GDL3pam-v2.3;FW_GDL3pam_V2.3.1;NA;leg harness|material:cord|attachment:tubes;tag-retrieval;
14IV;1-545820;Acrocephalus arundinaceus;Swiss Ornithological Institute;GDL3pam-v2.3;FW_GDL3pam_V2.3.1;NA;leg harness|material:cord|attachment:tubes;tag-retrieval;
14JC;1-545822;Acrocephalus arundinaceus;Swiss Ornithological Institute;GDL3pam-v2.3;FW_GDL3pam_V2.3.1;NA;leg harness|material:cord|attachment:tubes;tag-retrieval;
14FL;1-545823;Acrocephalus arundinaceus;Swiss Ornithological Institute;GDL3pam-v2.3;FW_GDL3pam_V2.3.1;NA;leg harness|material:cord|attachment:tubes;tag-retrieval;
14DF;1-545825;Acrocephalus arundinaceus;Swiss Ornithological Institute;GDL3pam-v2.3;FW_GDL3pam_V2.3.1;NA;leg harness|material:cord|attachment:tubes;tag-retrieval;
14HY;1-545827;Acrocephalus arundinaceus;Swiss Ornithological Institute;GDL3pam-v2.3;FW_GDL3pam_V2.3.1;NA;leg harness|material:cord|attachment:tubes;tag-retrieval;
14GM;1-545830;Acrocephalus arundinaceus;Swiss Ornithological Institute;GDL3pam-v2.3;FW_GDL3pam_V2.3.1;NA;leg harness|material:cord|attachment:tubes;tag-retrieval;
14CY;1-545831;Acrocephalus arundinaceus;Swiss Ornithological Institute;GDL3pam-v2.3;FW_GDL3pam_V2.3.1;NA;leg harness|material:cord|attachment:tubes;tag-retrieval;
14KF;1-545834;Acrocephalus arundinaceus;Swiss Ornithological Institute;GDL3pam-v2.3;FW_GDL3pam_V2.3.1;NA;leg harness|material:cord|attachment:tubes;tag-retrieval;
14IW;1-545835;Acrocephalus arundinaceus;Swiss Ornithological Institute;GDL3pam-v2.3;FW_GDL3pam_V2.3.1;NA;leg harness|material:cord|attachment:tubes;tag-retrieval;
14CQ;1-545836;Acrocephalus arundinaceus;Swiss Ornithological Institute;GDL3pam-v2.3;FW_GDL3pam_V2.3.1;NA;leg harness|material:cord|attachment:tubes;tag-retrieval;
14HZ;1-545838;Acrocephalus arundinaceus;Swiss Ornithological Institute;GDL3pam-v2.3;FW_GDL3pam_V2.3.1;NA;leg harness|material:cord|attachment:tubes;tag-retrieval;
14IH;1-545839;Acrocephalus arundinaceus;Swiss Ornithological Institute;GDL3pam-v2.3;FW_GDL3pam_V2.3.1;NA;leg harness|material:cord|attachment:tubes;tag-retrieval;
14GO;1-545840;Acrocephalus arundinaceus;Swiss Ornithological Institute;GDL3pam-v2.3;FW_GDL3pam_V2.3.1;NA;leg harness|material:cord|attachment:tubes;tag-retrieval;
14AX;1-545841;Acrocephalus arundinaceus;Swiss Ornithological Institute;GDL3pam-v2.3;FW_GDL3pam_V2.3.1;NA;leg harness|material:cord|attachment:tubes;tag-retrieval;
14GF;1-545842;Acrocephalus arundinaceus;Swiss Ornithological Institute;GDL3pam-v2.3;FW_GDL3pam_V2.3.1;NA;leg harness|material:cord|attachment:tubes;tag-retrieval;
14FU;1-545846;Acrocephalus arundinaceus;Swiss Ornithological Institute;GDL3pam-v2.3;FW_GDL3pam_V2.3.1;NA;leg harness|material:cord|attachment:tubes;tag-retrieval;
14GN;1-545847;Acrocephalus arundinaceus;Swiss Ornithological Institute;GDL3pam-v2.3;FW_GDL3pam_V2.3.1;NA;leg harness|material:cord|attachment:tubes;tag-retrieval;
14HV;1-545850;Acrocephalus arundinaceus;Swiss Ornithological Institute;GDL3pam-v2.3;FW_GDL3pam_V2.3.1;NA;leg harness|material:cord|attachment:tubes;tag-retrieval;
14HP;1-545852;Acrocephalus arundinaceus;Swiss Ornithological Institute;GDL3pam-v2.3;FW_GDL3pam_V2.3.1;NA;leg harness|material:cord|attachment:tubes;tag-retrieval;
14HK;1-545853;Acrocephalus arundinaceus;Swiss Ornithological Institute;GDL3pam-v2.3;FW_GDL3pam_V2.3.1;NA;leg harness|material:cord|attachment:tubes;tag-retrieval;
14HO;1-545854;Acrocephalus arundinaceus;Swiss Ornithological Institute;GDL3pam-v2.3;FW_GDL3pam_V2.3.1;NA;leg harness|material:cord|attachment:tubes;tag-retrieval;
14HL;1-545858;Acrocephalus arundinaceus;Swiss Ornithological Institute;GDL3pam-v2.3;FW_GDL3pam_V2.3.1;NA;leg harness|material:cord|attachment:tubes;tag-retrieval;
14GW;1-545859;Acrocephalus arundinaceus;Swiss Ornithological Institute;GDL3pam-v2.3;FW_GDL3pam_V2.3.1;NA;leg harness|material:cord|attachment:tubes;tag-retrieval;
14FF;1-545865;Acrocephalus arundinaceus;Swiss Ornithological Institute;GDL3pam-v2.3;FW_GDL3pam_V2.3.1;NA;leg harness|material:cord|attachment:tubes;tag-retrieval;
16HB;1-545761;Acrocephalus arundinaceus;Swiss Ornithological Institute;GDL3pam-v2.3;FW_GDL3pam_V2.3.1;NA;leg harness|material:cord|attachment:tubes;tag-retrieval;
16HL;1-545679;Acrocephalus arundinaceus;Swiss Ornithological Institute;GDL3pam-v2.3;FW_GDL3pam_V2.3.1;NA;leg harness|material:cord|attachment:tubes;tag-retrieval;
16AX;1-545763;Acrocephalus arundinaceus;Swiss Ornithological Institute;GDL3pam-v2.3;FW_GDL3pam_V2.3.1;NA;leg harness|material:cord|attachment:tubes;tag-retrieval;
16FT;1-545683;Acrocephalus arundinaceus;Swiss Ornithological Institute;GDL3pam-v2.3;FW_GDL3pam_V2.3.1;NA;leg harness|material:cord|attachment:tubes;tag-retrieval;
16GZ;1-545681;Acrocephalus arundinaceus;Swiss Ornithological Institute;GDL3pam-v2.3;FW_GDL3pam_V2.3.1;NA;leg harness|material:cord|attachment:tubes;tag-retrieval;
16BN;1-545817;Acrocephalus arundinaceus;Swiss Ornithological Institute;GDL3pam-v2.3;FW_GDL3pam_V2.3.1;NA;leg harness|material:cord|attachment:tubes;tag-retrieval;
16AW;1-545703;Acrocephalus arundinaceus;Swiss Ornithological Institute;GDL3pam-v2.3;FW_GDL3pam_V2.3.1;NA;leg harness|material:cord|attachment:tubes;tag-retrieval;
16CY;1-545690;Acrocephalus arundinaceus;Swiss Ornithological Institute;GDL3pam-v2.3;FW_GDL3pam_V2.3.1;NA;leg harness|material:cord|attachment:tubes;tag-retrieval;
14UW;1-545851;Acrocephalus arundinaceus;Swiss Ornithological Institute;GDL3pam-v2.3;FW_GDL3pam_V2.3.1;NA;leg harness|material:cord|attachment:tubes;tag-retrieval;
16CW;1-545574;Acrocephalus arundinaceus;Swiss Ornithological Institute;GDL3pam-v2.3;FW_GDL3pam_V2.3.1;NA;leg harness|material:cord|attachment:tubes;tag-retrieval;
16FA;1-545706;Acrocephalus arundinaceus;Swiss Ornithological Institute;GDL3pam-v2.3;FW_GDL3pam_V2.3.1;NA;leg harness|material:cord|attachment:tubes;tag-retrieval;
16FB;1-545785;Acrocephalus arundinaceus;Swiss Ornithological Institute;GDL3pam-v2.3;FW_GDL3pam_V2.3.1;NA;leg harness|material:cord|attachment:tubes;tag-retrieval;
16FE;1-555010;Acrocephalus arundinaceus;Swiss Ornithological Institute;GDL3pam-v2.3;FW_GDL3pam_V2.3.1;NA;leg harness|material:cord|attachment:tubes;tag-retrieval;
16FI;1-545777;Acrocephalus arundinaceus;Swiss Ornithological Institute;GDL3pam-v2.3;FW_GDL3pam_V2.3.1;NA;leg harness|material:cord|attachment:tubes;tag-retrieval;
14TO;1-555096;Acrocephalus arundinaceus;Swiss Ornithological Institute;GDL3pam-v2.3;FW_GDL3pam_V2.3.1;NA;leg harness|material:cord|attachment:tubes;tag-retrieval;
14TV;1-555074;Acrocephalus arundinaceus;Swiss Ornithological Institute;GDL3pam-v2.3;FW_GDL3pam_V2.3.1;NA;leg harness|material:cord|attachment:tubes;tag-retrieval;
16HI;1-545994;Acrocephalus arundinaceus;Swiss Ornithological Institute;GDL3pam-v2.3;FW_GDL3pam_V2.3.1;NA;leg harness|material:cord|attachment:tubes;tag-retrieval;
16HK;1-555003;Acrocephalus arundinaceus;Swiss Ornithological Institute;GDL3pam-v2.3;FW_GDL3pam_V2.3.1;NA;leg harness|material:cord|attachment:tubes;tag-retrieval;
14TW;1-555102;Acrocephalus arundinaceus;Swiss Ornithological Institute;GDL3pam-v2.3;FW_GDL3pam_V2.3.1;NA;leg harness|material:cord|attachment:tubes;tag-retrieval;
16BK;1-545569;Acrocephalus arundinaceus;Swiss Ornithological Institute;GDL3pam-v2.3;FW_GDL3pam_V2.3.1;NA;leg harness|material:cord|attachment:tubes;tag-retrieval;
16DC;1-545705;Acrocephalus arundinaceus;Swiss Ornithological Institute;GDL3pam-v2.3;FW_GDL3pam_V2.3.1;NA;leg harness|material:cord|attachment:tubes;tag-retrieval;
16EW;1-555101;Acrocephalus arundinaceus;Swiss Ornithological Institute;GDL3pam-v2.3;FW_GDL3pam_V2.3.1;NA;leg harness|material:cord|attachment:tubes;tag-retrieval;
16FP;1-555098;Acrocephalus arundinaceus;Swiss Ornithological Institute;GDL3pam-v2.3;FW_GDL3pam_V2.3.1;NA;leg harness|material:cord|attachment:tubes;tag-retrieval;
16BL;1-555104;Acrocephalus arundinaceus;Swiss Ornithological Institute;GDL3pam-v2.3;FW_GDL3pam_V2.3.1;NA;leg harness|material:cord|attachment:tubes;tag-retrieval;
16BQ;1-555108;Acrocephalus arundinaceus;Swiss Ornithological Institute;GDL3pam-v2.3;FW_GDL3pam_V2.3.1;NA;leg harness|material:cord|attachment:tubes;tag-retrieval;
16FC;1-555068;Acrocephalus arundinaceus;Swiss Ornithological Institute;GDL3pam-v2.3;FW_GDL3pam_V2.3.1;NA;leg harness|material:cord|attachment:tubes;tag-retrieval;
16FJ;1-545554;Acrocephalus arundinaceus;Swiss Ornithological Institute;GDL3pam-v2.3;FW_GDL3pam_V2.3.1;NA;leg harness|material:cord|attachment:tubes;tag-retrieval;
16FU;1-555061;Acrocephalus arundinaceus;Swiss Ornithological Institute;GDL3pam-v2.3;FW_GDL3pam_V2.3.1;NA;leg harness|material:cord|attachment:tubes;tag-retrieval;
16GF;1-545873;Acrocephalus arundinaceus;Swiss Ornithological Institute;GDL3pam-v2.3;FW_GDL3pam_V2.3.1;NA;leg harness|material:cord|attachment:tubes;tag-retrieval;
14TU;1-545680;Acrocephalus arundinaceus;Swiss Ornithological Institute;GDL3pam-v2.3;FW_GDL3pam_V2.3.1;NA;leg harness|material:cord|attachment:tubes;tag-retrieval;
16AS;1-545859;Acrocephalus arundinaceus;Swiss Ornithological Institute;GDL3pam-v2.3;FW_GDL3pam_V2.3.1;NA;leg harness|material:cord|attachment:tubes;tag-retrieval;
16BO;1-555110;Acrocephalus arundinaceus;Swiss Ornithological Institute;GDL3pam-v2.3;FW_GDL3pam_V2.3.1;NA;leg harness|material:cord|attachment:tubes;tag-retrieval;
16CZ;1-555113;Acrocephalus arundinaceus;Swiss Ornithological Institute;GDL3pam-v2.3;FW_GDL3pam_V2.3.1;NA;leg harness|material:cord|attachment:tubes;tag-retrieval;
16DD;1-545865;Acrocephalus arundinaceus;Swiss Ornithological Institute;GDL3pam-v2.3;FW_GDL3pam_V2.3.1;NA;leg harness|material:cord|attachment:tubes;tag-retrieval;
16HG;1-555112;Acrocephalus arundinaceus;Swiss Ornithological Institute;GDL3pam-v2.3;FW_GDL3pam_V2.3.1;NA;leg harness|material:cord|attachment:tubes;tag-retrieval;
16AT;1-555115;Acrocephalus arundinaceus;Swiss Ornithological Institute;GDL3pam-v2.3;FW_GDL3pam_V2.3.1;NA;leg harness|material:cord|attachment:tubes;tag-retrieval;
16FH;1-555116;Acrocephalus arundinaceus;Swiss Ornithological Institute;GDL3pam-v2.3;FW_GDL3pam_V2.3.1;NA;leg harness|material:cord|attachment:tubes;tag-retrieval;
16FK;1-545588;Acrocephalus arundinaceus;Swiss Ornithological Institute;GDL3pam-v2.3;FW_GDL3pam_V2.3.1;NA;leg harness|material:cord|attachment:tubes;tag-retrieval;
16GE;1-545710;Acrocephalus arundinaceus;Swiss Ornithological Institute;GDL3pam-v2.3;FW_GDL3pam_V2.3.1;NA;leg harness|material:cord|attachment:tubes;tag-retrieval;
16HH;1-545655;Acrocephalus arundinaceus;Swiss Ornithological Institute;GDL3pam-v2.3;FW_GDL3pam_V2.3.1;NA;leg harness|material:cord|attachment:tubes;tag-retrieval;
14TQ;1-555119;Acrocephalus arundinaceus;Swiss Ornithological Institute;GDL3pam-v2.3;FW_GDL3pam_V2.3.1;NA;leg harness|material:cord|attachment:tubes;tag-retrieval;
16AU;1-545719;Acrocephalus arundinaceus;Swiss Ornithological Institute;GDL3pam-v2.3;FW_GDL3pam_V2.3.1;NA;leg harness|material:cord|attachment:tubes;tag-retrieval;
16DS;1-545596;Acrocephalus arundinaceus;Swiss Ornithological Institute;GDL3pam-v2.3;FW_GDL3pam_V2.3.1;NA;leg harness|material:cord|attachment:tubes;tag-retrieval;
16GD;1-555122;Acrocephalus arundinaceus;Swiss Ornithological Institute;GDL3pam-v2.3;FW_GDL3pam_V2.3.1;NA;leg harness|material:cord|attachment:tubes;tag-retrieval;
16HC;1-555123;Acrocephalus arundinaceus;Swiss Ornithological Institute;GDL3pam-v2.3;FW_GDL3pam_V2.3.1;NA;leg harness|material:cord|attachment:tubes;tag-retrieval;
16HO;1-555124;Acrocephalus arundinaceus;Swiss Ornithological Institute;GDL3pam-v2.3;FW_GDL3pam_V2.3.1;NA;leg harness|material:cord|attachment:tubes;tag-retrieval;
14TR;1-555129;Acrocephalus arundinaceus;Swiss Ornithological Institute;GDL3pam-v2.3;FW_GDL3pam_V2.3.1;NA;leg harness|material:cord|attachment:tubes;tag-retrieval;
14UU;1-555106;Acrocephalus arundinaceus;Swiss Ornithological Institute;GDL3pam-v2.3;FW_GDL3pam_V2.3.1;NA;leg harness|material:cord|attachment:tubes;tag-retrieval;
14UZ;1-555127;Acrocephalus arundinaceus;Swiss Ornithological Institute;GDL3pam-v2.3;FW_GDL3pam_V2.3.1;NA;leg harness|material:cord|attachment:tubes;tag-retrieval;
16EX;1-555126;Acrocephalus arundinaceus;Swiss Ornithological Institute;GDL3pam-v2.3;FW_GDL3pam_V2.3.1;NA;leg harness|material:cord|attachment:tubes;tag-retrieval;
14US;1-545870;Acrocephalus arundinaceus;Swiss Ornithological Institute;GDL3pam-v2.3;FW_GDL3pam_V2.3.1;NA;leg harness|material:cord|attachment:tubes;tag-retrieval;
16BT;1-555132;Acrocephalus arundinaceus;Swiss Ornithological Institute;GDL3pam-v2.3;FW_GDL3pam_V2.3.1;NA;leg harness|material:cord|attachment:tubes;tag-retrieval;
16FM;1-545762;Acrocephalus arundinaceus;Swiss Ornithological Institute;GDL3pam-v2.3;FW_GDL3pam_V2.3.1;NA;leg harness|material:cord|attachment:tubes;tag-retrieval;
16FV;1-555130;Acrocephalus arundinaceus;Swiss Ornithological Institute;GDL3pam-v2.3;FW_GDL3pam_V2.3.1;NA;leg harness|material:cord|attachment:tubes;tag-retrieval;
14UT;1-545471;Acrocephalus arundinaceus;Swiss Ornithological Institute;GDL3pam-v2.3;FW_GDL3pam_V2.3.1;NA;leg harness|material:cord|attachment:tubes;tag-retrieval;
14UY;1-555136;Acrocephalus arundinaceus;Swiss Ornithological Institute;GDL3pam-v2.3;FW_GDL3pam_V2.3.1;NA;leg harness|material:cord|attachment:tubes;tag-retrieval;
16BP;1-545982;Acrocephalus arundinaceus;Swiss Ornithological Institute;GDL3pam-v2.3;FW_GDL3pam_V2.3.1;NA;leg harness|material:cord|attachment:tubes;tag-retrieval;
16FD;1-545970;Acrocephalus arundinaceus;Swiss Ornithological Institute;GDL3pam-v2.3;FW_GDL3pam_V2.3.1;NA;leg harness|material:cord|attachment:tubes;tag-retrieval;
16FF;1-545798;Acrocephalus arundinaceus;Swiss Ornithological Institute;GDL3pam-v2.3;FW_GDL3pam_V2.3.1;NA;leg harness|material:cord|attachment:tubes;tag-retrieval;
16HE;1-555055;Acrocephalus arundinaceus;Swiss Ornithological Institute;GDL3pam-v2.3;FW_GDL3pam_V2.3.1;NA;leg harness|material:cord|attachment:tubes;tag-retrieval;
16HM;1-555134;Acrocephalus arundinaceus;Swiss Ornithological Institute;GDL3pam-v2.3;FW_GDL3pam_V2.3.1;NA;leg harness|material:cord|attachment:tubes;tag-retrieval;
16BM;1-545557;Acrocephalus arundinaceus;Swiss Ornithological Institute;GDL3pam-v2.3;FW_GDL3pam_V2.3.1;NA;leg harness|material:cord|attachment:tubes;tag-retrieval;
16BS;1-555138;Acrocephalus arundinaceus;Swiss Ornithological Institute;GDL3pam-v2.3;FW_GDL3pam_V2.3.1;NA;leg harness|material:cord|attachment:tubes;tag-retrieval;
16DB;1-555020;Acrocephalus arundinaceus;Swiss Ornithological Institute;GDL3pam-v2.3;FW_GDL3pam_V2.3.1;NA;leg harness|material:cord|attachment:tubes;tag-retrieval;
16FL;1-545895;Acrocephalus arundinaceus;Swiss Ornithological Institute;GDL3pam-v2.3;FW_GDL3pam_V2.3.1;NA;leg harness|material:cord|attachment:tubes;tag-retrieval;
16FO;1-545985;Acrocephalus arundinaceus;Swiss Ornithological Institute;GDL3pam-v2.3;FW_GDL3pam_V2.3.1;NA;leg harness|material:cord|attachment:tubes;tag-retrieval;
14TP;1-545842;Acrocephalus arundinaceus;Swiss Ornithological Institute;GDL3pam-v2.3;FW_GDL3pam_V2.3.1;NA;leg harness|material:cord|attachment:tubes;tag-retrieval;
14TZ;1-545971;Acrocephalus arundinaceus;Swiss Ornithological Institute;GDL3pam-v2.3;FW_GDL3pam_V2.3.1;NA;leg harness|material:cord|attachment:tubes;tag-retrieval;
16BR;1-555140;Acrocephalus arundinaceus;Swiss Ornithological Institute;GDL3pam-v2.3;FW_GDL3pam_V2.3.1;NA;leg harness|material:cord|attachment:tubes;tag-retrieval;
16BU;1-545594;Acrocephalus arundinaceus;Swiss Ornithological Institute;GDL3pam-v2.3;FW_GDL3pam_V2.3.1;NA;leg harness|material:cord|attachment:tubes;tag-retrieval;
16DT;1-545863;Acrocephalus arundinaceus;Swiss Ornithological Institute;GDL3pam-v2.3;FW_GDL3pam_V2.3.1;NA;leg harness|material:cord|attachment:tubes;tag-retrieval;
16EY;1-545791;Acrocephalus arundinaceus;Swiss Ornithological Institute;GDL3pam-v2.3;FW_GDL3pam_V2.3.1;NA;leg harness|material:cord|attachment:tubes;tag-retrieval;
16FN;1-555141;Acrocephalus arundinaceus;Swiss Ornithological Institute;GDL3pam-v2.3;FW_GDL3pam_V2.3.1;NA;leg harness|material:cord|attachment:tubes;tag-retrieval;
16CX;1-545738;Acrocephalus arundinaceus;Swiss Ornithological Institute;GDL3pam-v2.3;FW_GDL3pam_V2.3.1;NA;leg harness|material:cord|attachment:tubes;tag-retrieval;
16FG;1-555144;Acrocephalus arundinaceus;Swiss Ornithological Institute;GDL3pam-v2.3;FW_GDL3pam_V2.3.1;NA;leg harness|material:cord|attachment:tubes;tag-retrieval;
16GY;1-545455;Acrocephalus arundinaceus;Swiss Ornithological Institute;GDL3pam-v2.3;FW_GDL3pam_V2.3.1;NA;leg harness|material:cord|attachment:tubes;tag-retrieval;
14TT;1-555049;Acrocephalus arundinaceus;Swiss Ornithological Institute;GDL3pam-v2.3;FW_GDL3pam_V2.3.1;NA;leg harness|material:cord|attachment:tubes;tag-retrieval;
16EZ;1-545758;Acrocephalus arundinaceus;Swiss Ornithological Institute;GDL3pam-v2.3;FW_GDL3pam_V2.3.1;NA;leg harness|material:cord|attachment:tubes;tag-retrieval;
16HP;1-555146;Acrocephalus arundinaceus;Swiss Ornithological Institute;GDL3pam-v2.3;FW_GDL3pam_V2.3.1;NA;leg harness|material:cord|attachment:tubes;tag-retrieval;
14TS;1-545764;Acrocephalus arundinaceus;Swiss Ornithological Institute;GDL3pam-v2.3;FW_GDL3pam_V2.3.1;NA;leg harness|material:cord|attachment:tubes;tag-retrieval;
14UQ;FS27505;Acrocephalus arundinaceus;Swiss Ornithological Institute;GDL3pam-v2.3;FW_GDL3pam_V2.3.1;NA;leg harness|material:cord|attachment:tubes;tag-retrieval;
16AA;FS27506;Acrocephalus arundinaceus;Swiss Ornithological Institute;GDL3pam-v2.3;FW_GDL3pam_V2.3.1;NA;leg harness|material:cord|attachment:tubes;tag-retrieval;
16EE;FS27507;Acrocephalus arundinaceus;Swiss Ornithological Institute;GDL3pam-v2.3;FW_GDL3pam_V2.3.1;NA;leg harness|material:cord|attachment:tubes;tag-retrieval;
14UI;FS27419;Acrocephalus arundinaceus;Swiss Ornithological Institute;GDL3pam-v2.3;FW_GDL3pam_V2.3.1;NA;leg harness|material:cord|attachment:tubes;tag-retrieval;
14TL;FS27509;Acrocephalus arundinaceus;Swiss Ornithological Institute;GDL3pam-v2.3;FW_GDL3pam_V2.3.1;NA;leg harness|material:cord|attachment:tubes;tag-retrieval;
14UH;FS27514;Acrocephalus arundinaceus;Swiss Ornithological Institute;GDL3pam-v2.3;FW_GDL3pam_V2.3.1;NA;leg harness|material:cord|attachment:tubes;tag-retrieval;
16EA;FS27400;Acrocephalus arundinaceus;Swiss Ornithological Institute;GDL3pam-v2.3;FW_GDL3pam_V2.3.1;NA;leg harness|material:cord|attachment:tubes;tag-retrieval;
16AF;FS27416;Acrocephalus arundinaceus;Swiss Ornithological Institute;GDL3pam-v2.3;FW_GDL3pam_V2.3.1;NA;leg harness|material:cord|attachment:tubes;tag-retrieval;
16ET;FS27417;Acrocephalus arundinaceus;Swiss Ornithological Institute;GDL3pam-v2.3;FW_GDL3pam_V2.3.1;NA;leg harness|material:cord|attachment:tubes;tag-retrieval;
14TN;FS27508;Acrocephalus arundinaceus;Swiss Ornithological Institute;GDL3pam-v2.3;FW_GDL3pam_V2.3.1;NA;leg harness|material:cord|attachment:tubes;tag-retrieval;
14UB;FS27423;Acrocephalus arundinaceus;Swiss Ornithological Institute;GDL3pam-v2.3;FW_GDL3pam_V2.3.1;NA;leg harness|material:cord|attachment:tubes;tag-retrieval;
14TG;FS27379;Acrocephalus arundinaceus;Swiss Ornithological Institute;GDL3pam-v2.3;FW_GDL3pam_V2.3.1;NA;leg harness|material:cord|attachment:tubes;tag-retrieval;
14UG;FS27515;Acrocephalus arundinaceus;Swiss Ornithological Institute;GDL3pam-v2.3;FW_GDL3pam_V2.3.1;NA;leg harness|material:cord|attachment:tubes;tag-retrieval;
14UK;FS27427;Acrocephalus arundinaceus;Swiss Ornithological Institute;GDL3pam-v2.3;FW_GDL3pam_V2.3.1;NA;leg harness|material:cord|attachment:tubes;tag-retrieval;
16DZ;FS27428;Acrocephalus arundinaceus;Swiss Ornithological Institute;GDL3pam-v2.3;FW_GDL3pam_V2.3.1;NA;leg harness|material:cord|attachment:tubes;tag-retrieval;
16ER;FS27378;Acrocephalus arundinaceus;Swiss Ornithological Institute;GDL3pam-v2.3;FW_GDL3pam_V2.3.1;NA;leg harness|material:cord|attachment:tubes;tag-retrieval;
14UE;TV14547;Acrocephalus arundinaceus;Swiss Ornithological Institute;GDL3pam-v2.3;FW_GDL3pam_V2.3.1;NA;leg harness|material:cord|attachment:tubes;tag-retrieval;
14UL;FS27377;Acrocephalus arundinaceus;Swiss Ornithological Institute;GDL3pam-v2.3;FW_GDL3pam_V2.3.1;NA;leg harness|material:cord|attachment:tubes;tag-retrieval;
14UO;FS27394;Acrocephalus arundinaceus;Swiss Ornithological Institute;GDL3pam-v2.3;FW_GDL3pam_V2.3.1;NA;leg harness|material:cord|attachment:tubes;tag-retrieval;
14UF;FS27425;Acrocephalus arundinaceus;Swiss Ornithological Institute;GDL3pam-v2.3;FW_GDL3pam_V2.3.1;NA;leg harness|material:cord|attachment:tubes;tag-retrieval;
14TJ;FS27430;Acrocephalus arundinaceus;Swiss Ornithological Institute;GDL3pam-v2.3;FW_GDL3pam_V2.3.1;NA;leg harness|material:cord|attachment:tubes;tag-retrieval;
14UR;FS27295;Acrocephalus arundinaceus;Swiss Ornithological Institute;GDL3pam-v2.3;FW_GDL3pam_V2.3.1;NA;leg harness|material:cord|attachment:tubes;tag-retrieval;
14TM;FS27402;Acrocephalus arundinaceus;Swiss Ornithological Institute;GDL3pam-v2.3;FW_GDL3pam_V2.3.1;NA;leg harness|material:cord|attachment:tubes;tag-retrieval;
14TI;FS27401;Acrocephalus arundinaceus;Swiss Ornithological Institute;GDL3pam-v2.3;FW_GDL3pam_V2.3.1;NA;leg harness|material:cord|attachment:tubes;tag-retrieval;
14TH;FS27519;Acrocephalus arundinaceus;Swiss Ornithological Institute;GDL3pam-v2.3;FW_GDL3pam_V2.3.1;NA;leg harness|material:cord|attachment:tubes;tag-retrieval;
16AD;FS27520;Acrocephalus arundinaceus;Swiss Ornithological Institute;GDL3pam-v2.3;FW_GDL3pam_V2.3.1;NA;leg harness|material:cord|attachment:tubes;tag-retrieval;
14UN;FS27521;Acrocephalus arundinaceus;Swiss Ornithological Institute;GDL3pam-v2.3;FW_GDL3pam_V2.3.1;NA;leg harness|material:cord|attachment:tubes;tag-retrieval;
16AC;FS27522;Acrocephalus arundinaceus;Swiss Ornithological Institute;GDL3pam-v2.3;FW_GDL3pam_V2.3.1;NA;leg harness|material:cord|attachment:tubes;tag-retrieval;
14UP;FS27523;Acrocephalus arundinaceus;Swiss Ornithological Institute;GDL3pam-v2.3;FW_GDL3pam_V2.3.1;NA;leg harness|material:cord|attachment:tubes;tag-retrieval;
16AE;KS11568;Acrocephalus arundinaceus;Swiss Ornithological Institute;GDL3pam-v2.3;FW_GDL3pam_V2.3.1;NA;leg harness|material:cord|attachment:tubes;tag-retrieval;
14UJ;FS27524;Acrocephalus arundinaceus;Swiss Ornithological Institute;GDL3pam-v2.3;FW_GDL3pam_V2.3.1;NA;leg harness|material:cord|attachment:tubes;tag-retrieval;
14TK;FS27525;Acrocephalus arundinaceus;Swiss Ornithological Institute;GDL3pam-v2.3;FW_GDL3pam_V2.3.1;NA;leg harness|material:cord|attachment:tubes;tag-retrieval;
16AB;FS27528;Acrocephalus arundinaceus;Swiss Ornithological Institute;GDL3pam-v2.3;FW_GDL3pam_V2.3.1;NA;leg harness|material:cord|attachment:tubes;tag-retrieval;
14UD;FS27529;Acrocephalus arundinaceus;Swiss Ornithological Institute;GDL3pam-v2.3;FW_GDL3pam_V2.3.1;NA;leg harness|material:cord|attachment:tubes;tag-retrieval;
14UC;TA09895;Acrocephalus arundinaceus;Swiss Ornithological Institute;GDL3pam-v2.3;FW_GDL3pam_V2.3.1;NA;leg harness|material:cord|attachment:tubes;tag-retrieval;